,Image-name,N1,N2,N3,N4,P0,P12,P16,P17,P18,P20,P21,P22,P23,P25,P26,P36,P39,P4,P42,P45,P66,P8,Plfteyemid,Prghteyemid
0,../test-images/testimg.jpeg,339.75,323.9974921630094,275.5,399.0,228,453,470,241,253,298,320,350,374,424,443,265,309,256,371,416,346,353,286.0,393.5
1,../test-images/testimg.jpeg,199.25,45.054545454545455,179.0,173.0,207,320,196,200,182,176,183,182,172,174,188,208,209,323,206,202,311,379,201.5,197.0
